City_ID,City,Country,Date,Lat,Lng,Max Temp,Humidity,Cloudiness,Wind Speed
0,Thompson,CA,2021-11-23 18:02:54,55.7435,-97.8558,9.36,88,100,7.61
1,Vaitape,PF,2021-11-23 18:02:54,-16.5167,-151.75,80.06,73,97,4.07
2,Nizhniy Kuranakh,RU,2021-11-23 18:02:55,58.8353,125.4869,-6.84,96,100,3.96
3,Saint-Philippe,RE,2021-11-23 18:02:55,-21.3585,55.7679,76.59,79,55,8.23
4,Untsukul,RU,2021-11-23 18:02:56,42.7115,46.7866,45.16,49,27,6.15
5,Ushuaia,AR,2021-11-23 18:02:55,-54.8,-68.3,46.02,65,90,5.75
6,Kutum,SD,2021-11-23 18:02:47,14.2,24.6667,67.66,17,11,9.64
7,Chokurdakh,RU,2021-11-23 17:58:16,70.6333,147.9167,-20.83,97,85,6.11
8,Tuktoyaktuk,CA,2021-11-23 18:02:56,69.4541,-133.0374,-5.76,96,100,4.09
9,New Norfolk,AU,2021-11-23 18:01:36,-42.7826,147.0587,59.72,73,100,2.8
10,Bakchar,RU,2021-11-23 18:02:57,57.0186,82.0711,25.09,81,99,10.94
11,Bluff,NZ,2021-11-23 18:02:43,-46.6,168.3333,52.56,81,79,12.37
12,Husavik,IS,2021-11-23 18:02:58,66.0449,-17.3389,31.77,83,100,9.06
13,Bredasdorp,ZA,2021-11-23 18:02:58,-34.5322,20.0403,62.28,70,47,6.62
14,Kruisfontein,ZA,2021-11-23 18:02:58,-34.0033,24.7314,59.88,77,87,5.79
15,Beringovskiy,RU,2021-11-23 18:02:45,63.05,179.3167,-7.04,88,17,9.1
16,Butaritari,KI,2021-11-23 18:02:48,3.0707,172.7902,81.61,77,49,17.4
17,Busselton,AU,2021-11-23 18:02:59,-33.65,115.3333,53.1,82,0,9.51
18,Hami,CN,2021-11-23 18:02:59,42.8,93.45,26.64,63,37,1.81
19,Chuy,UY,2021-11-23 18:03:00,-33.6971,-53.4616,67.15,46,0,13.89
20,Umba,RU,2021-11-23 18:03:00,66.6871,34.3429,17.38,84,85,0.74
21,Atar,MR,2021-11-23 18:03:01,20.5169,-13.0499,89.49,23,79,9.51
22,Lavrentiya,RU,2021-11-23 18:03:01,65.5833,-171.0,-0.94,91,15,9.53
23,Ramona,US,2021-11-23 18:02:11,33.0417,-116.8681,72.07,32,1,1.99
24,Lubumbashi,CD,2021-11-23 17:58:02,-11.6609,27.4794,65.61,91,77,2.98
25,Port Elizabeth,ZA,2021-11-23 18:01:45,-33.918,25.5701,62.1,68,38,13.35
26,Clyde River,CA,2021-11-23 17:58:31,70.4692,-68.5914,19.63,93,40,23.02
27,Moussoro,TD,2021-11-23 18:03:02,13.6408,16.4901,86.31,14,1,10.09
28,Pokosnoye,RU,2021-11-23 18:03:02,55.5258,101.0536,16.75,95,92,4.54
29,Minuri,PH,2021-11-23 18:03:03,16.535,121.8574,73.02,99,75,2.46
30,Teguise,ES,2021-11-23 18:03:03,29.0605,-13.564,68.22,88,20,9.22
31,Borova,UA,2021-11-23 18:03:04,50.1763,30.1043,33.26,98,100,6.31
32,Jalu,LY,2021-11-23 17:58:29,29.0331,21.5482,69.87,29,51,9.17
33,Castelldefels,ES,2021-11-23 18:03:04,41.2779,1.9703,59.18,81,75,10.36
34,Ponta Do Sol,PT,2021-11-23 18:03:04,32.6667,-17.1,71.13,75,94,1.79
35,Griffith,US,2021-11-23 18:03:05,41.5284,-87.4237,42.19,37,1,1.99
36,Saskylakh,RU,2021-11-23 17:59:36,71.9167,114.0833,-27.09,97,12,10.33
37,Lebu,CL,2021-11-23 18:02:51,-37.6167,-73.65,61.56,67,0,17.18
38,Hermanus,ZA,2021-11-23 18:03:05,-34.4187,19.2345,67.89,73,50,13.02
39,Hilo,US,2021-11-23 18:03:06,19.7297,-155.09,76.62,75,1,6.91
40,Pokrovsk,UA,2021-11-23 18:03:06,48.282,37.1758,31.24,62,95,8.66
41,Zhiryatino,RU,2021-11-23 18:03:07,53.2228,33.7306,19.72,64,85,4.99
42,Autazes,BR,2021-11-23 18:03:07,-3.5797,-59.1306,91.76,48,100,4.61
43,Tonantins,BR,2021-11-23 18:03:07,-2.8731,-67.8022,85.33,85,99,1.95
44,Rikitea,PF,2021-11-23 18:02:52,-23.1203,-134.9692,76.14,82,5,14.72
45,Jamestown,US,2021-11-23 17:59:58,42.097,-79.2353,34.72,88,90,7.0
46,Punta Arenas,CL,2021-11-23 17:59:00,-53.15,-70.9167,53.71,62,40,25.32
47,Asyut,EG,2021-11-23 18:03:08,27.181,31.1837,67.26,44,10,7.74
48,Souillac,MU,2021-11-23 18:04:09,-20.5167,57.5167,73.36,75,51,7.0
49,Vanimo,PG,2021-11-23 18:04:09,-2.6741,141.3028,77.47,90,97,4.29
50,Quesnel,CA,2021-11-23 18:03:23,52.9999,-122.5029,27.1,93,90,0.0
51,Port Alfred,ZA,2021-11-23 18:02:52,-33.5906,26.891,61.9,71,53,19.8
52,Atuona,PF,2021-11-23 18:04:10,-9.8,-139.0333,77.47,79,71,15.05
53,Tasiilaq,GL,2021-11-23 18:01:27,65.6145,-37.6368,23.16,62,64,8.12
54,Vesyegonsk,RU,2021-11-23 18:04:10,58.664,37.2604,24.28,91,98,9.33
55,Narsaq,GL,2021-11-23 18:00:22,60.9167,-46.05,21.42,63,94,7.31
56,Port Hueneme,US,2021-11-23 18:04:11,34.1478,-119.1951,77.09,35,20,14.97
57,Mataura,NZ,2021-11-23 18:04:11,-46.1927,168.8643,45.1,95,92,2.42
58,Novyy Rogachik,RU,2021-11-23 18:04:11,48.6768,44.0608,32.9,99,100,5.91
59,Barrow,US,2021-11-23 18:00:01,71.2906,-156.7887,-4.49,93,100,8.7
60,Tautira,PF,2021-11-23 18:04:12,-17.7333,-149.15,84.22,76,87,0.36
61,Tommot,RU,2021-11-23 18:04:12,58.9564,126.2925,-5.89,91,100,5.28
62,Cape Town,ZA,2021-11-23 18:00:04,-33.9258,18.4232,68.11,63,55,20.42
63,Zyryanka,RU,2021-11-23 18:04:13,65.75,150.85,-24.92,97,75,7.31
64,Grindavik,IS,2021-11-23 18:04:13,63.8424,-22.4338,32.47,80,75,8.05
65,San Cristobal,VE,2021-11-23 18:04:14,7.7669,-72.225,78.98,53,78,4.74
66,Kochubey,RU,2021-11-23 18:04:14,44.3861,46.5825,48.83,77,100,7.76
67,Yellowknife,CA,2021-11-23 18:00:03,62.456,-114.3525,-14.58,95,90,5.01
68,Severo-Kurilsk,RU,2021-11-23 18:04:15,50.6789,156.125,37.44,97,100,28.68
69,Vaini,TO,2021-11-23 18:03:59,-21.2,-175.2,69.96,100,40,0.0
70,Kaeo,NZ,2021-11-23 18:04:15,-35.1,173.7833,61.32,96,97,6.51
71,Upernavik,GL,2021-11-23 18:04:16,72.7868,-56.1549,0.14,69,12,7.25
72,Halifax,CA,2021-11-23 18:01:51,44.6453,-63.5724,39.47,95,100,10.0
73,Hofn,IS,2021-11-23 18:04:16,64.2539,-15.2082,35.4,94,86,7.36
74,Bethel,US,2021-11-23 18:01:26,41.3712,-73.414,42.48,50,7,3.0
75,Kodiak,US,2021-11-23 18:02:24,57.79,-152.4072,15.35,76,99,7.18
76,Ilhabela,BR,2021-11-23 18:04:17,-23.7781,-45.3581,81.14,52,5,2.64
77,Muzhi,RU,2021-11-23 18:04:17,65.3667,64.6667,11.95,76,100,15.66
78,Port Blair,IN,2021-11-23 18:04:18,11.6667,92.75,81.28,83,100,9.42
79,Hasaki,JP,2021-11-23 18:04:18,35.7333,140.8333,39.6,63,9,14.34
80,Bulolo,PG,2021-11-23 18:04:18,-7.2,146.65,68.49,97,87,2.17
81,Yar-Sale,RU,2021-11-23 18:04:19,66.8333,70.8333,11.16,96,100,7.67
82,Teguldet,RU,2021-11-23 18:04:19,57.3064,88.1667,31.68,85,100,13.71
83,Riyadh,SA,2021-11-23 18:04:15,24.6877,46.7219,68.14,51,6,14.45
84,Albany,US,2021-11-23 18:00:14,42.6001,-73.9662,37.45,50,4,1.99
85,Hithadhoo,MV,2021-11-23 18:04:20,-0.6,73.0833,82.27,75,99,18.34
86,Nikolskoye,RU,2021-11-23 18:01:38,59.7035,30.7861,31.87,85,45,5.99
87,Mildura,AU,2021-11-23 18:04:21,-34.2,142.15,66.07,88,84,7.83
88,Mahebourg,MU,2021-11-23 18:04:21,-20.4081,57.7,73.26,74,42,7.25
89,Puerto Ayora,EC,2021-11-23 18:03:59,-0.7393,-90.3518,78.76,72,23,10.54
90,Grand-Santi,GF,2021-11-23 18:04:22,4.25,-54.3833,87.1,57,95,3.87
91,Manzanillo,CU,2021-11-23 18:04:22,20.3433,-77.1167,85.19,52,28,5.99
92,Torbay,CA,2021-11-23 18:00:04,47.6666,-52.7314,41.58,86,100,4.0
93,East London,ZA,2021-11-23 18:05:19,-33.0153,27.9116,63.19,64,8,20.36
94,Lata,PT,2021-11-23 18:05:23,40.1629,-8.3327,52.81,84,94,4.74
95,Kapaa,US,2021-11-23 18:05:23,22.0752,-159.319,77.32,80,20,1.01
96,Coihaique,CL,2021-11-23 18:02:00,-45.5752,-72.0662,64.72,49,80,15.28
97,Micheweni,TZ,2021-11-23 18:05:24,-4.9667,39.8333,81.25,81,88,10.92
98,Bonavista,CA,2021-11-23 18:05:24,48.6499,-53.1147,42.12,81,100,27.13
99,Dalian,CN,2021-11-23 18:05:24,38.9122,121.6022,51.62,60,0,2.24
100,Coventry,GB,2021-11-23 18:05:25,52.4066,-1.5122,47.62,85,75,4.61
101,Kulhudhuffushi,MV,2021-11-23 18:05:25,6.6221,73.07,81.5,74,99,12.93
102,Qaanaaq,GL,2021-11-23 18:05:25,77.484,-69.3632,-6.48,69,96,9.37
103,Dickinson,US,2021-11-23 18:05:26,29.4608,-95.0513,71.13,53,1,1.99
104,Mar Del Plata,AR,2021-11-23 18:05:26,-38.0023,-57.5575,57.87,77,5,18.99
105,Kaitangata,NZ,2021-11-23 18:05:27,-46.2817,169.8464,46.53,92,55,5.95
106,Vung Tau,VN,2021-11-23 18:05:27,10.346,107.0843,79.09,81,100,13.0
107,Changji,CN,2021-11-23 18:05:28,44.0167,87.3167,21.99,86,55,2.24
108,Puerto Carreno,CO,2021-11-23 18:05:28,6.189,-67.4859,93.79,44,91,2.39
109,Kismayo,SO,2021-11-23 18:05:29,-0.3582,42.5454,80.31,80,98,11.05
110,Saldanha,ZA,2021-11-23 18:05:29,-33.0117,17.9442,62.74,76,57,28.92
111,Saint George,US,2021-11-23 18:05:10,37.1041,-113.5841,65.35,36,20,0.0
112,Khatanga,RU,2021-11-23 18:05:29,71.9667,102.5,0.61,79,100,18.45
113,Kinkala,CG,2021-11-23 18:05:30,-4.3614,14.7644,75.22,86,67,0.58
114,Salalah,OM,2021-11-23 18:05:31,17.0151,54.0924,87.89,14,0,11.5
115,Pochutla,MX,2021-11-23 18:05:31,15.7432,-96.4661,89.82,47,0,8.14
116,Dauphin,CA,2021-11-23 18:05:31,51.1494,-100.0502,34.59,80,5,10.74
117,Nur,PL,2021-11-23 18:05:32,52.6683,22.3221,39.78,95,87,8.25
118,Vao,NC,2021-11-23 18:03:16,-22.6667,167.4833,74.12,75,100,8.99
119,Varhaug,NO,2021-11-23 18:05:32,58.6147,5.6457,48.47,87,100,20.98
120,Antalaha,MG,2021-11-23 18:05:33,-14.9003,50.2788,74.46,74,57,1.59
121,Salaga,GH,2021-11-23 18:05:33,8.5508,-0.5188,89.28,23,89,3.33
122,Olinda,BR,2021-11-23 18:05:34,-8.0089,-34.8553,85.73,62,40,10.36
123,Carnarvon,AU,2021-11-23 18:05:34,-24.8667,113.6333,68.07,83,0,13.8
124,Jijiga,ET,2021-11-23 18:03:12,9.35,42.8,62.06,57,80,10.51
125,Volgodonsk,RU,2021-11-23 18:05:35,47.5136,42.1514,35.15,97,100,9.91
126,Okitipupa,NG,2021-11-23 18:05:35,6.5047,4.7839,79.14,87,56,4.25
127,Klaksvik,FO,2021-11-23 18:05:36,62.2266,-6.589,47.32,86,98,25.46
128,Cockburn Town,TC,2021-11-23 18:03:34,21.4612,-71.1419,81.61,73,34,14.63
129,Japura,ID,2021-11-23 18:05:36,-0.3167,102.35,74.46,97,100,2.13
130,Wattegama,LK,2021-11-23 18:05:36,6.7989,81.4808,73.96,92,100,5.03
131,Bemidji,US,2021-11-23 18:05:37,47.4736,-94.8803,41.09,48,1,6.91
132,Kristinehamn,SE,2021-11-23 18:05:37,59.3098,14.1081,37.38,88,59,10.4
133,Laguna,US,2021-11-23 18:05:38,38.421,-121.4238,64.96,81,1,4.61
134,Port Hardy,CA,2021-11-23 18:05:38,50.6996,-127.4199,42.84,84,83,4.7
135,Lhokseumawe,ID,2021-11-23 18:05:38,5.1801,97.1507,77.47,88,98,2.26
136,Henties Bay,NA,2021-11-23 18:05:39,-22.116,14.2845,58.86,89,5,6.02
137,Hambantota,LK,2021-11-23 18:05:39,6.1241,81.1185,77.79,85,100,3.33
138,Castro,BR,2021-11-23 18:06:39,-24.7911,-50.0119,84.9,34,6,4.85
139,La Ronge,CA,2021-11-23 18:06:40,55.1001,-105.2842,14.22,92,90,13.8
140,Paris,FR,2021-11-23 18:04:33,48.8534,2.3488,44.38,78,0,3.0
141,Garden City,US,2021-11-23 18:06:40,42.3256,-83.331,38.32,46,20,6.91
142,Ancud,CL,2021-11-23 18:01:43,-41.8697,-73.8203,59.81,80,44,9.51
143,Mecca,SA,2021-11-23 18:06:41,21.4267,39.8261,76.23,46,3,4.16
144,Ribeira Grande,PT,2021-11-23 18:06:41,38.5167,-28.7,68.4,94,20,14.97
145,Usolye,RU,2021-11-23 18:06:42,59.4268,56.6808,13.21,94,100,5.3
146,Giyani,ZA,2021-11-23 18:06:42,-23.3025,30.7187,80.37,48,49,5.03
147,Provideniya,RU,2021-11-23 18:06:42,64.3833,-173.3,9.66,66,4,8.55
148,Krasnoselkup,RU,2021-11-23 18:06:43,65.7,82.4667,19.31,94,100,13.78
149,Broome,US,2021-11-23 18:06:43,42.2506,-75.833,36.01,65,75,5.99
150,Vardo,NO,2021-11-23 18:06:43,70.3705,31.1107,28.38,64,75,10.36
151,Te Anau,NZ,2021-11-23 18:06:44,-45.4167,167.7167,44.2,95,53,1.03
152,Victoria,HK,2021-11-23 18:02:20,22.2855,114.1577,64.33,61,96,1.01
153,Sungaipenuh,ID,2021-11-23 18:06:44,-2.0833,101.3833,64.36,83,100,1.9
154,Rovaniemi,FI,2021-11-23 18:06:45,66.5,25.7167,26.01,93,90,3.44
155,Buraydah,SA,2021-11-23 18:04:08,26.326,43.975,63.25,44,6,10.31
156,Pacific Grove,US,2021-11-23 18:06:45,36.6177,-121.9166,66.38,66,1,1.99
157,Guerrero Negro,MX,2021-11-23 18:06:46,27.9769,-114.0611,73.17,48,72,4.83
158,Sola,VU,2021-11-23 18:06:46,-13.8833,167.55,77.5,82,100,10.47
159,Quang Ngai,VN,2021-11-23 18:06:46,15.1167,108.8,74.01,90,99,10.96
160,Iqaluit,CA,2021-11-23 18:06:47,63.7506,-68.5145,31.73,93,75,23.0
161,Oktyabrskoye,RU,2021-11-23 18:06:47,43.0645,44.7417,35.74,81,92,6.71
162,Kolokani,ML,2021-11-23 18:06:48,13.5728,-8.0339,86.11,18,16,8.3
163,Kenai,US,2021-11-23 18:06:48,60.5544,-151.2583,10.15,91,90,5.75
164,Hobart,AU,2021-11-23 18:02:50,-42.8794,147.3294,60.06,87,100,5.75
165,Vestmannaeyjar,IS,2021-11-23 18:06:49,63.4427,-20.2734,36.59,87,75,23.02
166,Massakory,TD,2021-11-23 18:06:49,12.996,15.7293,87.28,15,23,10.0
167,Necochea,AR,2021-11-23 18:06:50,-38.5473,-58.7368,81.03,27,16,4.85
168,Haines Junction,CA,2021-11-23 18:06:50,60.7522,-137.5108,-2.85,100,100,1.3
169,Lagoa,PT,2021-11-23 18:06:51,39.05,-27.9833,66.13,86,55,17.69
170,Pemangkat,ID,2021-11-23 18:06:51,1.1667,108.9667,76.55,85,93,4.07
171,Puerto Palomas,MX,2021-11-23 18:06:52,31.7667,-107.6167,60.13,27,98,3.2
172,Vieques,PR,2021-11-23 18:06:52,18.425,-65.8329,87.82,55,20,6.91
173,Soubre,CI,2021-11-23 18:06:52,5.7856,-6.6083,81.41,73,75,3.89
174,Georgetown,MY,2021-11-23 18:04:35,5.4112,100.3354,78.73,91,20,5.75
175,Huntsville,US,2021-11-23 18:05:21,34.7304,-86.5861,50.14,39,1,1.01
176,Garissa,KE,2021-11-23 18:06:53,-0.4536,39.6401,89.91,38,100,16.08
177,Ostrovnoy,RU,2021-11-23 18:06:53,68.0531,39.5131,14.77,93,95,11.56
178,Shenjiamen,CN,2021-11-23 18:06:54,29.9576,122.298,47.03,48,2,9.33
179,Ballitoville,ZA,2021-11-23 18:06:54,-29.539,31.2144,67.24,75,87,22.1
180,Changuinola,PA,2021-11-23 18:02:11,9.4333,-82.5167,82.33,70,99,6.91
181,Severo-Yeniseyskiy,RU,2021-11-23 18:06:55,60.3725,93.0408,19.6,91,100,6.46
182,Lac Du Bonnet,CA,2021-11-23 18:07:55,50.2536,-96.0612,33.75,88,100,8.03
183,Newburgh,US,2021-11-23 18:07:55,41.5034,-74.0104,44.29,42,75,4.0
184,Minusinsk,RU,2021-11-23 18:07:56,53.7103,91.6875,30.22,72,79,5.06
185,Kavieng,PG,2021-11-23 18:03:14,-2.5744,150.7967,83.07,76,98,16.75
186,Muncar,ID,2021-11-23 18:07:56,-8.4333,114.3333,76.73,90,100,3.4
187,Sitka,US,2021-11-23 18:07:57,57.0531,-135.33,35.49,93,90,0.0
188,Tubmanburg,LR,2021-11-23 18:07:57,6.8708,-10.8172,79.27,86,69,5.06
189,Lorengau,PG,2021-11-23 18:07:57,-2.0226,147.2712,81.91,79,99,10.58
190,Maniitsoq,GL,2021-11-23 18:07:58,65.4167,-52.9,27.75,49,100,23.62
191,Aklavik,CA,2021-11-23 18:06:36,68.2191,-135.0107,-9.4,77,40,6.91
192,Kachiry,KZ,2021-11-23 18:07:58,53.0675,76.1036,26.15,84,53,16.22
193,Timbiqui,CO,2021-11-23 18:07:59,2.7717,-77.6654,78.84,79,99,4.5
194,Batemans Bay,AU,2021-11-23 18:07:59,-35.7167,150.1833,66.2,91,100,2.04
195,Wuwei,CN,2021-11-23 18:08:00,37.9281,102.6414,32.04,22,1,1.79
196,Bontang,ID,2021-11-23 18:08:00,0.1333,117.5,79.39,85,88,5.3
197,Nanakuli,US,2021-11-23 18:08:00,21.3906,-158.1547,78.75,76,1,3.44
198,Tahta,EG,2021-11-23 18:08:01,26.7693,31.5021,67.93,38,3,7.43
199,Changtu,CN,2021-11-23 18:08:01,42.7788,124.0955,14.97,66,0,9.06
200,Barabai,ID,2021-11-23 18:08:02,-2.5833,115.3833,74.26,99,99,0.72
201,Yulara,AU,2021-11-23 18:08:02,-25.2406,130.9889,66.69,56,65,16.24
202,Ghanzi,BW,2021-11-23 18:08:03,-21.5667,21.7833,78.78,12,11,5.79
203,Paciran,ID,2021-11-23 18:08:03,-6.8767,112.3761,78.85,86,100,12.06
204,Dinguiraye,GN,2021-11-23 18:08:03,11.3,-10.7167,80.92,29,6,1.01
205,Komsomolskiy,UZ,2021-11-23 18:08:04,40.4272,71.7189,40.42,33,91,4.21
206,Namibe,AO,2021-11-23 18:08:04,-15.1961,12.1522,71.49,73,35,7.23
207,Sao Joao Da Barra,BR,2021-11-23 18:04:32,-21.6403,-41.0511,84.29,75,72,10.31
208,Quirinopolis,BR,2021-11-23 18:08:05,-18.4483,-50.4517,87.37,56,84,1.3
209,Ouesso,CG,2021-11-23 18:08:05,1.6136,16.0517,76.21,78,90,2.13
210,Tucuman,AR,2021-11-23 18:08:06,-26.8241,-65.2226,66.2,100,90,9.22
211,Prince Albert,CA,2021-11-23 18:04:32,53.2001,-105.7677,28.89,91,42,9.8
212,Sabha,LY,2021-11-23 18:08:06,27.0377,14.4283,69.46,28,97,1.07
213,Adrar,MR,2021-11-23 18:08:07,20.5022,-10.0711,83.46,27,92,5.66
214,Las Palmas,ES,2021-11-23 18:08:07,28.4204,-14.0131,68.79,73,20,4.61
215,La Sarre,CA,2021-11-23 18:08:08,48.8002,-79.1996,22.1,78,93,4.36
216,Geraldton,AU,2021-11-23 18:08:08,-28.7667,114.6,59.41,77,0,11.5
217,Savannah Bight,HN,2021-11-23 18:08:08,16.45,-85.85,84.25,76,78,17.4
218,Avarua,CK,2021-11-23 18:08:09,-21.2078,-159.775,75.25,69,99,6.91
219,Gat,IL,2021-11-23 18:08:09,31.61,34.7642,64.81,69,1,3.91
220,Nardaran,AZ,2021-11-23 18:08:10,40.5561,50.0056,53.24,76,0,9.22
221,Villarrica,PY,2021-11-23 18:08:10,-25.75,-56.4333,93.13,35,80,5.12
222,Castro Daire,PT,2021-11-23 18:08:10,40.8984,-7.9338,49.53,90,95,3.49
223,Isangel,VU,2021-11-23 18:08:11,-19.55,169.2667,76.8,86,100,8.25
224,Clearwater,US,2021-11-23 18:07:29,27.9659,-82.8001,68.09,48,1,10.0
225,Sesheke,ZM,2021-11-23 18:08:11,-17.4759,24.2968,79.47,43,92,3.49
226,Mokhsogollokh,RU,2021-11-23 18:08:12,61.4681,128.9203,-10.53,87,100,1.68
227,Saint Anthony,US,2021-11-23 18:08:12,45.0205,-93.218,49.05,47,1,7.0
228,Ust-Tsilma,RU,2021-11-23 18:08:13,65.441,52.1498,9.54,97,92,4.59
229,Palaia Fokaia,GR,2021-11-23 18:09:13,37.72,23.9463,65.75,88,100,7.16
230,Zhigansk,RU,2021-11-23 18:09:14,66.7697,123.3711,-37.61,100,96,4.05
231,Rawson,AR,2021-11-23 18:09:14,-43.3002,-65.1023,81.21,29,98,30.22
232,Tyrma,RU,2021-11-23 18:09:15,50.0833,132.1667,28.08,84,100,10.09
233,Ibra,OM,2021-11-23 18:09:15,22.6906,58.5334,70.23,22,81,2.75
234,Cabo San Lucas,MX,2021-11-23 18:09:15,22.8909,-109.9124,83.61,65,20,4.0
235,Grand Gaube,MU,2021-11-23 18:09:16,-20.0064,57.6608,73.38,83,54,1.99
236,Bar Harbor,US,2021-11-23 18:09:16,44.3876,-68.2039,37.62,53,1,10.36
237,Tanete,ID,2021-11-23 18:09:17,-3.9443,119.7848,76.08,92,100,1.19
238,Bishop Auckland,GB,2021-11-23 18:09:17,54.6555,-1.6771,47.41,84,14,3.94
239,Lompoc,US,2021-11-23 18:09:18,34.6391,-120.4579,76.08,55,21,8.01
240,Tuatapere,NZ,2021-11-23 18:07:48,-46.1333,167.6833,47.37,91,96,3.04
241,Saint Stephen,GB,2021-11-23 18:05:10,50.3333,-4.9,45.75,87,20,6.91
242,Paamiut,GL,2021-11-23 18:05:18,61.994,-49.6678,33.17,57,100,29.53
243,Chitral,PK,2021-11-23 18:09:19,35.8462,71.7858,46.38,44,19,4.61
244,Glens Falls,US,2021-11-23 18:08:03,43.3095,-73.644,37.47,50,1,4.0
245,Cherskiy,RU,2021-11-23 18:09:19,68.75,161.3,-33.43,100,46,4.54
246,Lom Sak,TH,2021-11-23 18:09:20,16.7798,101.2422,70.57,80,79,4.74
247,Dovers,VC,2021-11-23 18:09:20,12.8833,-61.1833,80.85,76,21,13.42
248,Pisco,PE,2021-11-23 18:09:21,-13.7,-76.2167,69.85,73,0,13.8
249,Shima,CN,2021-11-23 18:09:21,24.4478,117.8111,54.03,76,0,2.55
250,Valleyview,CA,2021-11-23 18:05:14,55.0667,-117.2859,7.56,82,99,8.68
251,College,US,2021-11-23 18:09:22,64.8569,-147.8028,1.35,57,75,5.75
252,Chimore,BO,2021-11-23 18:09:22,-16.9833,-65.1333,84.54,82,99,0.94
253,Fortuna,US,2021-11-23 18:09:23,40.5982,-124.1573,54.32,85,1,1.99
254,Tesalia,CO,2021-11-23 18:09:23,2.4859,-75.7292,80.44,69,63,3.11
255,Bend,US,2021-11-23 18:07:06,44.0582,-121.3153,42.66,78,1,3.0
256,Leningradskiy,RU,2021-11-23 18:09:24,69.3833,178.4167,-14.13,80,67,4.56
257,Sao Filipe,CV,2021-11-23 18:09:24,14.8961,-24.4956,80.94,67,24,4.03
258,Mirabad,AF,2021-11-23 18:09:24,30.4362,61.8383,64.06,19,4,2.84
259,El Alto,PE,2021-11-23 18:09:25,-4.2714,-81.2147,74.86,71,60,12.84
260,Nantucket,US,2021-11-23 18:09:25,41.2835,-70.0995,41.97,62,98,27.0
261,Sakhon Nakhon,TH,2021-11-23 18:09:25,17.1612,104.1472,62.62,77,41,7.63
262,Longyearbyen,SJ,2021-11-23 18:09:26,78.2186,15.6401,4.84,78,20,11.5
263,Hue,VN,2021-11-23 18:09:26,16.4667,107.6,66.31,94,75,13.8
264,Nueva Imperial,CL,2021-11-23 18:09:26,-38.7333,-72.95,79.45,32,0,10.58
265,Port Lincoln,AU,2021-11-23 18:09:27,-34.7333,135.8667,61.02,90,31,1.92
266,Gamba,GA,2021-11-23 18:09:27,-2.65,10.0,75.52,88,100,2.68
267,San Patricio,US,2021-11-23 18:09:28,28.017,-97.5169,75.29,46,56,6.08
268,Elmshorn,DE,2021-11-23 18:09:28,53.75,9.65,47.23,85,96,1.01
269,Yerbogachen,RU,2021-11-23 18:09:28,61.2767,108.0108,7.07,95,100,6.08
270,Salym,RU,2021-11-23 18:09:29,60.0625,71.4789,17.53,93,100,7.94
271,Westport,US,2021-11-23 18:06:19,41.1415,-73.3579,43.86,46,20,1.01
272,Svetlaya,RU,2021-11-23 18:09:29,46.5389,138.3297,18.84,64,92,9.6
273,Skegness,GB,2021-11-23 18:09:30,53.1436,0.3363,46.47,81,43,2.91
274,Dikson,RU,2021-11-23 18:09:30,73.5069,80.5464,-0.67,97,100,15.03
275,Madang,PG,2021-11-23 18:09:31,-5.2246,145.7966,75.88,89,99,4.14
276,Pyatnitskoye,RU,2021-11-23 18:10:31,50.4233,37.8273,27.0,68,49,5.48
277,Sikar,IN,2021-11-23 18:08:12,27.6167,75.15,64.24,16,0,3.74
278,Maningrida,AU,2021-11-23 18:10:32,-12.0667,134.2667,82.4,69,100,6.13
279,Jeremie,HT,2021-11-23 18:10:32,18.65,-74.1167,81.73,72,85,3.42
280,Vostok,RU,2021-11-23 18:10:17,46.4856,135.8833,7.52,92,100,9.98
281,Waipawa,NZ,2021-11-23 18:10:33,-41.4122,175.5153,52.03,73,91,3.18
282,Padang,ID,2021-11-23 18:10:33,-0.9492,100.3543,77.34,77,100,3.58
283,Puerto Madryn,AR,2021-11-23 18:05:48,-42.7692,-65.0385,83.1,26,100,26.51
284,Wells,GB,2021-11-23 18:10:34,51.2079,-2.649,48.2,89,80,5.46
285,Coahuayana,MX,2021-11-23 18:10:34,18.7333,-103.6833,90.88,54,8,5.57
286,Tiksi,RU,2021-11-23 18:10:34,71.6872,128.8694,-21.6,98,76,6.85
287,San Policarpo,PH,2021-11-23 18:10:35,12.1791,125.5072,80.65,84,70,12.08
288,Outlook,CA,2021-11-23 18:10:35,51.5001,-107.0513,29.95,87,36,6.55
289,Matara,LK,2021-11-23 18:10:36,5.9485,80.5353,77.43,90,100,4.59
290,Cayenne,GF,2021-11-23 18:10:36,4.9333,-52.3333,87.84,79,20,5.99
291,Bintulu,MY,2021-11-23 18:10:36,3.1667,113.0333,78.76,84,90,1.97
292,Kazerun,IR,2021-11-23 18:10:37,29.6195,51.6541,62.58,68,0,2.75
293,Ambunti,PG,2021-11-23 18:10:37,-4.2365,142.8448,73.54,99,99,1.66
294,Beboto,TD,2021-11-23 18:10:38,8.2668,16.939,79.65,28,15,2.68
295,Pedernales,DO,2021-11-23 18:10:38,18.0384,-71.744,81.79,71,97,5.64
296,Pevek,RU,2021-11-23 18:10:38,69.7008,170.3133,-19.91,98,49,3.0
297,Hamilton,US,2021-11-23 18:09:05,39.1834,-84.5333,42.4,44,1,1.99
298,Impfondo,CG,2021-11-23 18:10:39,1.6381,18.0667,78.57,70,58,1.34
299,Bambous Virieux,MU,2021-11-23 18:10:39,-20.3428,57.7575,73.22,74,42,7.23
300,Rapid Valley,US,2021-11-23 18:08:57,44.0625,-103.1463,66.04,22,1,1.01
301,Mandiana,GN,2021-11-23 18:10:40,10.6333,-8.6833,84.63,23,0,4.32
302,Gbarnga,LR,2021-11-23 18:10:40,6.9956,-9.4722,80.64,68,43,2.01
303,Kampot,KH,2021-11-23 18:10:40,10.6167,104.1833,75.25,87,95,8.08
304,Atambua,ID,2021-11-23 18:10:41,-9.1061,124.8925,75.54,84,98,1.3
305,Xining,CN,2021-11-23 18:10:41,36.6167,101.7667,29.43,30,0,2.21
306,Pangody,RU,2021-11-23 18:10:41,65.85,74.4859,9.0,96,100,8.97
307,Yelyzavethradka,UA,2021-11-23 18:10:42,48.8038,32.4046,32.16,61,77,2.86
308,Selma,US,2021-11-23 18:10:42,36.5708,-119.6121,60.91,25,37,1.83
309,Luderitz,NA,2021-11-23 18:10:43,-26.6481,15.1594,66.52,69,16,23.31
310,Pangnirtung,CA,2021-11-23 18:10:43,66.1451,-65.7125,30.2,64,75,28.77
311,Kahului,US,2021-11-23 18:08:14,20.8947,-156.47,77.85,78,20,0.0
312,Meulaboh,ID,2021-11-23 18:07:17,4.1363,96.1285,76.91,87,100,6.22
313,Altus,US,2021-11-23 18:10:44,34.6381,-99.334,69.66,22,1,1.99
314,Petropavlovsk-Kamchatskiy,RU,2021-11-23 18:10:44,53.0452,158.6483,33.19,87,100,24.36
315,Sambava,MG,2021-11-23 18:10:45,-14.2667,50.1667,77.85,70,92,2.77
316,Eureka,US,2021-11-23 18:10:45,40.8021,-124.1637,54.57,90,77,7.0
317,Ulundi,ZA,2021-11-23 18:10:45,-28.3352,31.4162,61.12,90,87,7.72
318,Ahvaz,IR,2021-11-23 18:10:46,31.3203,48.6693,69.75,43,0,6.91
319,Ilulissat,GL,2021-11-23 18:10:46,69.2167,-51.1,10.42,56,75,16.11
320,Canutama,BR,2021-11-23 18:10:47,-6.5339,-64.3831,91.06,54,98,2.68
321,Katsuura,JP,2021-11-23 18:10:47,35.1333,140.3,54.19,60,1,32.46
322,Celendin,PE,2021-11-23 18:10:48,-6.8703,-78.1517,61.32,56,76,5.61
323,Khandbari,NP,2021-11-23 18:11:48,27.3747,87.2039,55.15,85,34,2.64
324,Caravelas,BR,2021-11-23 18:11:48,-17.7125,-39.2481,79.66,68,80,5.97
325,Margate,GB,2021-11-23 18:11:49,51.3813,1.3862,46.31,80,42,7.38
326,Peniche,PT,2021-11-23 18:11:49,39.3558,-9.3811,55.62,69,16,9.31
327,Miracema Do Tocantins,BR,2021-11-23 18:11:49,-9.5618,-48.3967,85.37,70,95,2.44
328,Srednekolymsk,RU,2021-11-23 18:10:22,67.45,153.6833,-30.15,100,65,5.55
329,Gizo,SB,2021-11-23 18:11:50,-8.103,156.8419,82.8,77,94,8.84
330,Labuhan,ID,2021-11-23 18:11:51,-6.8844,112.2051,78.04,88,100,12.17
331,Sao Jose Da Coroa Grande,BR,2021-11-23 18:11:51,-8.8978,-35.1478,84.67,63,50,11.83
332,Ketchikan,US,2021-11-23 18:08:54,55.3422,-131.6461,39.18,93,40,3.44
333,Richards Bay,ZA,2021-11-23 18:11:37,-28.783,32.0377,68.65,76,58,18.14
334,Kutina,HR,2021-11-23 18:11:52,45.475,16.7819,37.38,73,25,4.97
335,Susangerd,IR,2021-11-23 18:11:52,31.5608,48.1831,69.82,41,0,9.19
336,Moerai,PF,2021-11-23 18:11:53,-22.4333,-151.3333,73.15,67,11,9.75
337,Ust-Nera,RU,2021-11-23 18:11:53,64.5667,143.2,-17.64,94,100,2.01
338,Broken Hill,AU,2021-11-23 18:11:53,-31.95,141.4333,70.65,63,98,4.32
339,Comodoro Rivadavia,AR,2021-11-23 18:11:54,-45.8667,-67.5,84.06,13,0,32.21
340,Gornopravdinsk,RU,2021-11-23 18:11:54,60.05,69.9,17.13,91,100,9.73
341,Alpena,US,2021-11-23 18:11:55,45.0617,-83.4327,37.54,54,1,5.01
342,Staraya Kupavna,RU,2021-11-23 18:11:55,55.808,38.1805,25.27,91,62,4.65
343,Bilibino,RU,2021-11-23 18:11:56,68.0546,166.4372,-23.04,92,12,3.13
344,Baruun-Urt,MN,2021-11-23 18:11:56,46.6806,113.2792,4.87,87,46,2.57
345,Concordia,AR,2021-11-23 18:11:57,-31.393,-58.0209,84.27,30,0,13.8
346,Sao Felix Do Xingu,BR,2021-11-23 18:11:57,-6.6447,-51.995,89.69,51,62,2.82
347,Seoul,KR,2021-11-23 18:07:02,37.5683,126.9778,31.51,43,9,4.43
348,Alofi,NU,2021-11-23 18:11:58,-19.0595,-169.9187,78.13,70,74,9.75
349,Nampa,US,2021-11-23 18:10:07,43.5407,-116.5635,40.84,97,1,6.91
350,Gazanjyk,TM,2021-11-23 18:11:58,39.2446,55.5154,54.28,53,0,3.38
351,Leh,IN,2021-11-23 18:11:59,34.1667,77.5833,18.1,49,61,2.62
352,Tarko-Sale,RU,2021-11-23 18:11:59,64.9225,77.785,9.72,95,96,11.74
353,Fort Nelson,CA,2021-11-23 18:12:00,58.8053,-122.7002,-2.56,97,97,0.83
354,Yei,SS,2021-11-23 18:12:00,4.095,30.6779,73.06,55,52,1.12
355,Vestmanna,FO,2021-11-23 18:12:00,62.1564,-7.1664,45.52,93,90,19.57
356,Yen Bai,VN,2021-11-23 18:12:01,21.7,104.8667,58.75,81,88,1.5
357,Grenfell,AU,2021-11-23 18:12:01,-33.9,148.1667,61.32,89,100,6.15
358,Najran,SA,2021-11-23 18:12:02,17.4924,44.1277,65.21,26,41,4.14
359,Bay Roberts,CA,2021-11-23 18:12:02,47.5999,-53.2648,42.33,79,100,11.99
360,Goundam,ML,2021-11-23 18:12:02,16.4145,-3.6708,89.31,19,20,10.04
361,Basco,PH,2021-11-23 18:12:03,20.4487,121.9702,77.38,77,86,24.54
362,Cocobeach,GA,2021-11-23 18:12:03,1.0002,9.5823,80.53,84,88,8.41
363,Dingle,PH,2021-11-23 18:12:03,10.9995,122.6711,75.51,91,100,8.21
364,Lasa,IT,2021-11-23 18:07:52,46.6166,10.7002,40.62,84,11,1.43
365,Harlingen,US,2021-11-23 18:12:04,26.1906,-97.6961,76.95,52,1,5.75
366,Bengkulu,ID,2021-11-23 18:12:04,-3.8004,102.2655,74.86,88,100,5.01
367,Ewa Beach,US,2021-11-23 18:13:05,21.3156,-158.0072,78.75,74,1,3.0
368,Norman Wells,CA,2021-11-23 18:09:28,65.282,-126.8329,-21.96,76,75,4.61
369,Sibolga,ID,2021-11-23 18:13:05,1.7427,98.7792,77.41,84,100,2.68
370,Anadyr,RU,2021-11-23 18:13:06,64.75,177.4833,-21.41,97,54,7.65
371,Balabac,PH,2021-11-23 18:13:06,7.9868,117.0645,82.65,80,98,11.9
372,Sao Gabriel Da Cachoeira,BR,2021-11-23 18:13:07,-0.1303,-67.0892,83.53,81,96,0.45
373,Sergeyevka,KZ,2021-11-23 18:13:07,53.88,67.4158,16.11,91,9,13.89
374,Trois-Rivieres,CA,2021-11-23 18:12:03,46.3501,-72.5491,28.81,58,40,10.49
375,Kedrovyy,RU,2021-11-23 18:13:08,56.1667,91.8167,34.21,77,95,14.85
376,Chaman,PK,2021-11-23 18:13:08,30.9236,66.4512,54.63,30,6,5.37
377,Strezhevoy,RU,2021-11-23 18:13:09,60.7333,77.5889,13.98,95,99,7.92
378,Kalmunai,LK,2021-11-23 18:13:09,7.4167,81.8167,77.25,90,100,7.18
379,Manzil Salim,TN,2021-11-23 18:13:09,35.8567,8.4765,56.48,49,13,3.62
380,Kisangani,CD,2021-11-23 18:13:10,0.5167,25.2,77.79,72,98,0.94
381,Samarkand,UZ,2021-11-23 18:13:10,39.6542,66.9597,53.02,47,75,6.91
382,Tura,IN,2021-11-23 18:13:11,25.5198,90.2201,61.36,66,0,3.47
383,Nhulunbuy,AU,2021-11-23 18:13:11,-12.2333,136.7667,81.21,83,70,4.61
384,Iskateley,RU,2021-11-23 18:13:12,67.6803,53.1512,15.75,93,96,11.86
385,Dunmore East,IE,2021-11-23 18:13:12,52.1514,-6.9861,42.33,78,28,5.53
386,Usinsk,RU,2021-11-23 18:13:12,65.9939,57.5281,8.22,96,94,14.85
387,Cidreira,BR,2021-11-23 18:13:13,-30.1811,-50.2056,72.27,61,28,16.04
388,Mwense,ZM,2021-11-23 18:13:13,-10.3845,28.698,69.67,86,73,2.93
389,Hay River,CA,2021-11-23 18:13:13,60.8156,-115.7999,0.75,84,100,7.96
390,Kharhial,IN,2021-11-23 18:13:14,20.2833,82.7667,73.98,70,6,1.1
391,Saint-Georges,GD,2021-11-23 18:10:15,12.0564,-61.7485,81.81,74,93,11.83
392,Ambilobe,MG,2021-11-23 18:13:14,-13.2,49.05,76.48,81,64,3.4
393,Dzilam Gonzalez,MX,2021-11-23 18:13:15,21.2833,-88.9333,80.38,63,34,9.64
394,Maumere,ID,2021-11-23 18:13:15,-8.6199,122.2111,80.51,82,90,3.65
395,Bystryy Istok,RU,2021-11-23 18:13:16,52.371,84.3873,35.53,92,100,17.09
396,Belyy Yar,RU,2021-11-23 18:13:16,53.6039,91.3903,30.09,72,0,11.18
397,Mehamn,NO,2021-11-23 18:13:17,71.0357,27.8492,22.95,63,0,17.27
398,Talnakh,RU,2021-11-23 18:13:17,69.4865,88.3972,10.72,91,95,12.55
399,Nome,US,2021-11-23 18:08:55,64.5011,-165.4064,6.87,47,1,0.0
400,Yurga,RU,2021-11-23 18:13:18,55.7231,84.8861,27.46,89,96,13.87
401,Cap Malheureux,MU,2021-11-23 18:13:18,-19.9842,57.6142,73.47,83,56,1.99
402,Umm Kaddadah,SD,2021-11-23 18:13:18,13.6017,26.6876,74.41,17,69,12.1
403,Port Hedland,AU,2021-11-23 18:13:19,-20.3167,118.5667,78.85,78,98,5.75
404,Peabody,US,2021-11-23 18:13:19,42.5279,-70.9287,41.02,44,1,3.0
405,Berdigestyakh,RU,2021-11-23 18:13:19,62.0989,126.6992,-9.06,94,100,2.1
406,Chimbote,PE,2021-11-23 18:11:21,-9.0853,-78.5783,70.63,71,86,11.27
407,Rock Springs,US,2021-11-23 18:13:20,41.5875,-109.2029,46.24,24,1,5.01
408,Makakilo City,US,2021-11-23 18:13:20,21.3469,-158.0858,77.32,74,1,3.44
409,Bathsheba,BB,2021-11-23 18:13:21,13.2167,-59.5167,82.4,72,43,13.11
410,Banda Aceh,ID,2021-11-23 18:13:21,5.5577,95.3222,79.61,84,100,5.35
411,Jeremoabo,BR,2021-11-23 18:13:22,-10.075,-38.4808,97.25,24,99,8.1
412,Lahat,ID,2021-11-23 18:13:22,-3.8,103.5333,73.29,93,100,0.87
413,Novyye Gorki,RU,2021-11-23 18:13:22,56.7253,41.0601,15.66,96,42,4.85
414,Honningsvag,NO,2021-11-23 18:13:23,70.9821,25.9704,22.53,82,100,9.53
415,Yermekeyevo,RU,2021-11-23 18:13:23,54.0761,53.6712,1.42,100,98,4.92
416,Ambulu,ID,2021-11-23 18:14:24,-8.345,113.6058,76.12,91,100,0.85
417,Anori,BR,2021-11-23 18:14:24,-3.7728,-61.6442,92.03,47,99,5.12
418,Vuktyl,RU,2021-11-23 18:14:24,63.8567,57.3094,10.85,94,99,8.25
419,Talcahuano,CL,2021-11-23 18:14:25,-36.7167,-73.1167,60.48,77,0,18.41
420,Campbell River,CA,2021-11-23 18:14:25,50.0163,-125.2446,43.27,83,63,3.0
421,Baiao,BR,2021-11-23 18:14:26,-2.7906,-49.6717,94.62,39,76,3.85
422,Khandyga,RU,2021-11-23 18:14:26,62.6667,135.6,-12.62,96,100,1.34
423,Vila Velha,BR,2021-11-23 18:11:24,-20.3297,-40.2925,82.35,74,0,1.01
424,Shaki,AZ,2021-11-23 18:14:26,41.0833,47.1667,47.19,48,10,5.53
425,Ibia,BR,2021-11-23 18:14:27,-19.4783,-46.5389,90.91,29,31,0.29
426,Quatre Cocos,MU,2021-11-23 18:14:27,-20.2078,57.7625,73.09,74,47,7.58
427,Nago,JP,2021-11-23 18:14:28,26.5881,127.9761,66.27,63,89,11.81
428,Ozinki,RU,2021-11-23 18:14:28,51.1786,49.6769,25.63,65,100,8.79
429,Rocha,UY,2021-11-23 18:14:28,-34.4833,-54.3333,66.99,42,0,12.37
430,Sao Francisco,BR,2021-11-23 18:14:29,-15.9486,-44.8644,92.05,35,100,3.76
431,Shimoda,JP,2021-11-23 18:14:29,34.6667,138.95,46.11,59,1,29.59
432,Silver City,US,2021-11-23 18:14:29,32.7701,-108.2803,61.3,29,90,3.0
433,De-Kastri,RU,2021-11-23 18:14:30,51.4667,140.7833,28.74,76,98,10.36
434,Alice Springs,AU,2021-11-23 18:14:30,-23.7,133.8833,65.75,100,40,8.05
435,Acajutla,SV,2021-11-23 18:14:31,13.5928,-89.8275,87.67,50,13,4.12
436,Wolbrom,PL,2021-11-23 18:14:31,50.3796,19.7583,39.54,87,100,9.84
437,Sur,OM,2021-11-23 18:14:31,22.5667,59.5289,75.6,43,77,3.02
438,Keetmanshoop,NA,2021-11-23 18:14:32,-26.5833,18.1333,80.08,13,42,7.31
439,Lagos,NG,2021-11-23 18:13:32,6.5833,3.75,80.78,83,93,6.02
440,Sapozhok,RU,2021-11-23 18:14:32,53.9419,40.6806,14.92,96,56,4.59
441,Hailar,CN,2021-11-23 18:14:33,49.2,119.7,0.05,82,2,7.72
442,Port Augusta,AU,2021-11-23 18:14:33,-32.5,137.7667,66.34,64,100,4.52
443,Tamworth,GB,2021-11-23 18:10:25,52.634,-1.6959,47.64,85,39,1.01
444,The Pas,CA,2021-11-23 18:14:34,53.8251,-101.2541,21.22,86,90,9.22
445,Axim,GH,2021-11-23 18:14:34,4.8699,-2.2405,80.37,82,62,7.65
446,Kristiinankaupunki,FI,2021-11-23 18:14:35,62.2743,21.376,38.52,96,100,21.94
447,San Andres,CO,2021-11-23 18:14:35,12.5847,-81.7006,86.02,66,75,9.22
448,Faanui,PF,2021-11-23 18:14:36,-16.4833,-151.75,80.08,73,97,4.23
449,Eidfjord,NO,2021-11-23 18:14:36,60.4675,7.0719,50.43,99,100,9.6
450,Mweka,CD,2021-11-23 18:14:36,-4.85,21.5667,70.99,95,67,2.17
451,Manggar,ID,2021-11-23 18:14:37,-2.8833,108.2667,76.44,92,100,2.06
452,Ust-Kuyga,RU,2021-11-23 18:14:37,70.0167,135.6,-24.56,98,100,5.75
453,Juneau,US,2021-11-23 18:14:38,58.3019,-134.4197,34.21,95,90,10.36
454,Leshukonskoye,RU,2021-11-23 18:14:38,64.8989,45.7622,9.41,99,94,2.93
455,Nanortalik,GL,2021-11-23 18:14:38,60.1432,-45.2371,29.5,50,84,6.24
456,Stirling,GB,2021-11-23 18:14:39,56.119,-3.9368,48.38,87,71,3.0
457,Avera,US,2021-11-23 18:14:39,33.194,-82.5271,53.74,24,0,7.38
458,Mount Darwin,ZW,2021-11-23 18:14:40,-16.7725,31.5838,75.58,62,61,5.19
459,Calvinia,ZA,2021-11-23 18:14:40,-31.4707,19.776,68.47,44,84,15.26
460,Kasempa,ZM,2021-11-23 18:14:40,-13.4584,25.8338,63.84,91,98,2.37
461,Cabedelo,BR,2021-11-23 18:14:41,-6.9811,-34.8339,86.67,66,99,10.92
462,Ribeira Brava,PT,2021-11-23 18:15:42,32.65,-17.0667,70.12,79,94,0.96
463,Gurupa,BR,2021-11-23 18:15:42,-1.405,-51.64,95.23,35,43,4.79
464,Smithers,CA,2021-11-23 18:15:08,54.7804,-127.1743,27.05,91,88,1.97
465,Arraial Do Cabo,BR,2021-11-23 18:15:43,-22.9661,-42.0278,84.16,73,0,9.22
466,Jharsuguda,IN,2021-11-23 18:15:43,21.85,84.0333,70.63,60,0,5.12
467,Guantanamo,CU,2021-11-23 18:15:43,20.1444,-75.2092,84.27,46,62,5.82
468,Moron,AR,2021-11-23 18:15:44,-34.6534,-58.6198,84.02,26,0,5.01
469,Trincomalee,LK,2021-11-23 18:15:44,8.5711,81.2335,81.12,84,100,9.78
470,Muyezerskiy,RU,2021-11-23 18:15:45,63.9333,31.65,20.75,86,100,8.41
471,Rangia,IN,2021-11-23 18:15:45,26.4667,91.6333,66.15,80,0,6.44
472,Barcelona,ES,2021-11-23 18:12:50,41.3888,2.159,58.57,86,75,5.99
473,Liku,ID,2021-11-23 18:15:46,-0.7275,119.8922,74.75,95,78,2.57
474,Eyl,SO,2021-11-23 18:15:46,7.9803,49.8164,80.01,73,95,12.75
475,Chara,RU,2021-11-23 18:15:46,56.9064,118.2631,-19.57,76,13,1.19
476,Batticaloa,LK,2021-11-23 18:15:47,7.7102,81.6924,78.57,87,100,5.01
477,Gucheng,CN,2021-11-23 18:15:47,35.9115,111.3192,38.1,40,0,2.75
478,Victor Harbor,AU,2021-11-23 18:15:48,-35.5667,138.6167,67.8,94,100,6.33
479,Luba,GQ,2021-11-23 18:15:48,3.4568,8.5547,80.85,80,34,7.4
480,Esperance,AU,2021-11-23 18:15:49,-33.8667,121.9,57.07,71,57,6.6
481,Baiyin,CN,2021-11-23 18:15:49,36.5583,104.2081,23.88,40,0,2.68
482,Adet,ET,2021-11-23 18:15:49,11.2644,37.4888,58.98,36,52,6.22
483,Yaan,NG,2021-11-23 18:15:50,7.3833,8.5667,87.21,38,36,1.59
484,Road Town,VG,2021-11-23 18:15:50,18.4167,-64.6167,86.04,66,20,11.5
485,Bondowoso,ID,2021-11-23 18:15:51,-7.9135,113.8214,74.03,91,98,2.66
486,Abu Kamal,SY,2021-11-23 18:15:51,34.4506,40.9171,62.69,48,0,4.03
487,Mount Gambier,AU,2021-11-23 18:15:52,-37.8333,140.7667,53.51,100,90,0.0
488,Pulandian,CN,2021-11-23 18:15:52,39.3953,121.9669,35.73,49,0,3.02
489,Irtyshskiy,RU,2021-11-23 18:15:52,58.3333,68.1333,19.74,92,100,11.39
490,Santa Isabel Do Rio Negro,BR,2021-11-23 18:15:53,-0.4139,-65.0192,83.5,85,100,3.74
491,Poum,NC,2021-11-23 18:15:53,-20.2333,164.0167,76.82,81,100,3.87
492,Potiskum,NG,2021-11-23 18:15:53,11.7091,11.0694,84.13,19,99,8.95
493,Turukhansk,RU,2021-11-23 18:15:54,65.8167,87.9833,20.25,95,100,15.08
494,Kieta,PG,2021-11-23 18:15:54,-6.2167,155.6333,79.57,80,93,1.72
495,Hyvinkaa,FI,2021-11-23 18:15:55,60.6333,24.8667,29.23,93,100,7.07
496,Praia Da Vitoria,PT,2021-11-23 18:15:55,38.7333,-27.0667,66.45,94,40,20.56
497,Buala,SB,2021-11-23 18:15:55,-8.145,159.5921,80.04,82,71,7.7
498,Curup,ID,2021-11-23 18:15:56,-3.4667,102.5333,67.59,92,100,0.85
499,Kiunga,PG,2021-11-23 18:15:56,-6.1219,141.2906,72.75,97,84,1.14
500,Mandurah,AU,2021-11-23 18:15:57,-32.55,115.7,65.14,62,0,6.78
501,Mandera,KE,2021-11-23 18:15:57,3.9366,41.867,88.16,18,93,7.58
502,Boa Vista,BR,2021-11-23 18:15:08,2.8197,-60.6733,91.38,49,40,9.22
503,Farafangana,MG,2021-11-23 18:15:58,-22.8167,47.8333,75.96,86,75,13.44
504,High Level,CA,2021-11-23 18:15:58,58.5169,-117.136,1.51,85,90,13.8
505,Frederikshavn,DK,2021-11-23 18:15:58,57.4407,10.5366,46.35,77,9,22.24
506,Barcelos,PT,2021-11-23 18:15:59,41.5388,-8.6151,55.85,72,37,6.42
507,Sudbury,CA,2021-11-23 18:15:59,46.49,-80.99,29.41,69,11,2.93
508,Lufilufi,WS,2021-11-23 18:17:00,-13.8745,-171.5986,78.58,72,33,5.99
509,Grootfontein,NA,2021-11-23 18:17:00,-19.5667,18.1167,71.17,23,33,2.3
510,Orhei,MD,2021-11-23 18:17:01,47.3831,28.8231,37.8,57,15,4.12
511,Giddarbaha,IN,2021-11-23 18:17:01,30.2,74.6667,64.09,17,0,2.95
512,Tazovskiy,RU,2021-11-23 18:17:01,67.4667,78.7,15.33,93,100,13.02
513,Pecos,US,2021-11-23 18:17:02,31.4229,-103.4932,70.3,27,1,0.0
514,Awbari,LY,2021-11-23 18:17:02,26.5921,12.7805,71.31,25,88,4.99
515,Kirakira,SB,2021-11-23 18:17:03,-10.4544,161.9205,78.94,84,98,6.71
516,Abancay,PE,2021-11-23 18:17:03,-13.6339,-72.8814,70.84,49,98,7.4
517,Katherine,AU,2021-11-23 18:17:03,-14.4667,132.2667,84.52,58,94,0.0
518,Sabratah,LY,2021-11-23 18:17:04,32.7933,12.4885,68.99,58,40,6.91
519,Safaga,EG,2021-11-23 18:17:04,26.7292,33.9365,70.63,57,0,11.68
520,Gamboma,CG,2021-11-23 18:17:05,-1.8764,15.8644,74.7,88,67,1.03
521,Fort-Shevchenko,KZ,2021-11-23 18:17:05,44.5086,50.263,50.34,86,86,12.03
522,Kununurra,AU,2021-11-23 18:17:05,-15.7667,128.7333,78.78,94,90,4.61
523,Marsh Harbour,BS,2021-11-23 18:17:06,26.5412,-77.0636,73.67,56,12,24.99
524,Esmeraldas,BR,2021-11-23 18:17:06,-19.7625,-44.3139,93.31,43,27,6.22
525,Tucuma,BR,2021-11-23 18:17:06,-0.1833,-50.05,88.74,54,23,7.7
526,Evensk,RU,2021-11-23 18:12:17,61.95,159.2333,12.81,72,100,11.61
527,Port Macquarie,AU,2021-11-23 18:15:33,-31.4333,152.9167,67.96,91,100,8.08
528,Tulun,RU,2021-11-23 18:17:07,54.5611,100.5792,14.61,98,96,4.99
529,Ulladulla,AU,2021-11-23 18:17:07,-35.35,150.4667,63.77,92,100,2.66
530,Benjamin Constant,BR,2021-11-23 18:17:08,-4.3831,-70.0311,84.33,83,75,10.36
531,Kamenka,RU,2021-11-23 18:17:08,51.3223,42.7678,25.75,73,74,5.73
532,Dourados,BR,2021-11-23 18:17:09,-22.2211,-54.8056,97.45,24,32,3.56
533,Salisbury,GB,2021-11-23 18:15:03,51.0693,-1.7957,46.78,90,75,5.75
534,Acapulco,MX,2021-11-23 18:15:08,16.8634,-99.8901,85.82,79,20,8.05
535,Barsi,IN,2021-11-23 18:17:09,18.2333,75.7,80.44,68,100,6.11
536,Vanavara,RU,2021-11-23 18:16:50,60.34,102.2797,8.22,99,96,3.69
537,Yurino,RU,2021-11-23 18:17:10,56.2942,46.3039,18.72,95,55,6.71
538,Barre,US,2021-11-23 18:17:10,44.197,-72.5021,31.91,72,75,11.5
539,Plettenberg Bay,ZA,2021-11-23 18:17:10,-34.0527,23.3716,59.13,77,91,3.65
540,Northam,GB,2021-11-23 18:17:11,51.0333,-4.2167,46.29,94,30,4.07
541,Tilichiki,RU,2021-11-23 18:17:11,60.4667,166.1,1.45,88,77,9.4
542,Ewo,CG,2021-11-23 18:17:12,-0.8725,14.8206,73.6,91,76,4.18
543,Amahai,ID,2021-11-23 18:17:12,-3.3333,128.9167,79.12,84,49,3.49
544,Edd,ER,2021-11-23 18:17:12,13.9297,41.6925,81.12,75,44,4.03
545,Machali,CL,2021-11-23 18:15:57,-34.1833,-70.6667,74.48,46,0,12.66
546,Raudeberg,NO,2021-11-23 18:17:13,61.9875,5.1352,46.2,96,100,4.0
547,Morro Bay,US,2021-11-23 18:15:53,35.3658,-120.8499,74.98,32,40,3.0
548,Mezen,RU,2021-11-23 18:17:13,65.8522,44.24,7.38,99,83,3.4
549,Champerico,GT,2021-11-23 18:17:14,14.3,-91.9167,91.94,70,64,5.21
550,Tabas,IR,2021-11-23 18:17:14,33.5959,56.9244,62.22,55,17,4.45
551,Liling,CN,2021-11-23 18:17:15,27.6667,113.5,39.09,71,48,0.81
552,Egvekinot,RU,2021-11-23 18:17:15,66.3167,-179.1667,-2.83,64,7,8.16
553,Taoudenni,ML,2021-11-23 18:17:16,22.6783,-3.9836,86.95,24,69,8.75
554,Ahipara,NZ,2021-11-23 18:17:16,-35.1667,173.1667,60.12,84,96,4.61
555,Suntar,RU,2021-11-23 18:18:16,62.1444,117.6319,-17.48,96,5,3.56
556,Ropczyce,PL,2021-11-23 18:18:17,50.0523,21.6089,37.81,74,98,11.56
557,Pijijiapan,MX,2021-11-23 18:18:17,15.7011,-93.23,91.04,38,8,5.48
558,Dhidhdhoo,MV,2021-11-23 18:18:17,6.8833,73.1,81.63,75,99,12.46
559,Dicabisagan,PH,2021-11-23 18:18:18,17.0818,122.4157,77.4,90,86,9.73
560,Diapaga,BF,2021-11-23 18:18:18,12.0708,1.7889,88.7,14,55,7.09
561,Dwarka,IN,2021-11-23 18:18:18,22.2394,68.9678,78.51,53,53,8.34
562,Presidente Epitacio,BR,2021-11-23 18:18:19,-21.7633,-52.1156,98.98,16,9,4.61
563,Qaqortoq,GL,2021-11-23 18:18:19,60.7167,-46.0333,21.7,64,94,8.08
